瑞安安阳餐厅,温州市,万松东路永安大厦一楼萍萍美食城,"Wi-Fi,店内参观,礼品卡"
安阳万达餐厅,安阳市,中华路与迎春东街交叉口东南角万达广场（1030商铺）一层总计使用面积为290平米的房产,"Wi-Fi,点唱机,店内参观,礼品卡"
安吉万达餐厅,南宁市,高新大道以南、安阳路以西的万达广场一层,"24小时,Wi-Fi,店内参观,礼品卡"
长春西站餐厅,长春市,安庆北路长春西站二楼候车大厅,"Wi-Fi,礼品卡"
安庆商都餐厅,安庆市,人民路563号肯德基餐厅,"Wi-Fi,礼品卡,手机点餐"
安庆苏果餐厅,安庆市,湖心北路与天柱山路交叉口苏果超市一楼,"24小时,Wi-Fi,店内参观,礼品卡,手机点餐"
安庆火车站餐厅,安庆市,迎宾大道安庆火车站,手机点餐
安庆吾悦餐厅,安庆市,龙眠山路与菱湖南路交口,"Wi-Fi,点唱机,店内参观"
安庆欧尚餐厅,安庆市,独秀大道168号安庆欧尚超市一层AQ-1017号商铺肯德基,"Wi-Fi,店内参观"
安庆欧尚餐厅,安庆市,独秀大道168号安庆欧尚超市一层AQ-1017号商铺肯德基,"Wi-Fi,店内参观"
马鞍山八佰伴餐厅,马鞍山市,湖东路以西大华国际广场2期八佰伴一二层,"Wi-Fi,点唱机,店内参观,礼品卡"
马鞍山路合家福餐厅,合肥市,"马鞍山路与太湖路交叉口东北角合家福购物广场1,2层","24小时,Wi-Fi,店内参观,礼品卡"
马鞍山欧尚餐厅,马鞍山市,雨山路与江东大道交叉口欧尚超市一楼,"Wi-Fi,点唱机,店内参观,礼品卡"
科贸街餐厅,天津市,鞍山西道与南丰路交口时代数码广场一层,"礼品卡,手机点餐"
马鞍山天润发餐厅,马鞍山市,湖北路东段天润发超市1楼,"Wi-Fi,店内参观,礼品卡"
鞍山街餐厅,哈尔滨市,东大直街地一大道香港城鞍山街入口处,"Wi-Fi,点唱机,礼品卡"
马鞍山万达餐厅,马鞍山市,太白大道万达广场一楼,"Wi-Fi,点唱机,店内参观,礼品卡,手机点餐"
鞍山立山大润发餐厅,鞍山市,鞍千路90栋S27号（凤凰城大润发超市1楼）,"Wi-Fi,点唱机,店内参观,礼品卡"
灵峰餐厅,贺州市,灵峰路与鞍山西路交汇处,"24小时,Wi-Fi,店内参观,礼品卡"
加侨国际餐厅,合肥市,马鞍山路与南二环路交叉口,"24小时,Wi-Fi,点唱机,店内参观"
旭辉鞍山餐厅,上海市,杨浦区控江路2056号一层1F-04,"Wi-Fi,点唱机"
天津鞍山西道餐厅餐厅,天津市,鞍山西道（212-230）双号_01__号一层,"Wi-Fi,点唱机"
鞍山万象汇甜品站餐厅,鞍山市,建国大道700号华润置地广场万象汇,Wi-Fi
鞍山万象汇餐厅,鞍山市,建国大道700号华润置地广场万象汇,
鞍山万达餐厅,鞍山市,千山中路278甲号,"Wi-Fi,点唱机"
天津鞍山道餐厅,天津市,医科大学总医院旁和平印.嘉兰铭轩2号楼9门房产,"Wi-Fi,点唱机"
中石化鞍山启明餐厅餐厅,鞍山市,解放西路81号,Wi-Fi
中石化鞍山启明餐厅餐厅,鞍山市,解放西路81号,Wi-Fi
鞍山大悦城餐厅,鞍山市,胜利北路302号大悦城购物中心B01商铺,Wi-Fi
鞍山万熹餐厅餐厅,鞍山市,二街道71号万熹购物广场地上一层,Wi-Fi
鞍山大悦城甜品站餐厅,鞍山市,胜利北路302号大悦城购物中心B01商铺,Wi-Fi
鞍山大悦城餐厅,鞍山市,胜利北路302号大悦城购物中心B01商铺,Wi-Fi
鞍山万熹餐厅餐厅,鞍山市,二街道71号万熹购物广场地上一层,Wi-Fi
鞍山大悦城甜品站餐厅,鞍山市,胜利北路302号大悦城购物中心B01商铺,Wi-Fi
马鞍山金鹰餐厅,马鞍山市,湖南西路8号金鹰天地广场一层,"Wi-Fi,店内参观"
马鞍山金鹰餐厅,马鞍山市,湖南西路8号金鹰天地广场一层,"Wi-Fi,店内参观"
马鞍山星悦广场餐厅,马鞍山市,五担岗路398号伟星星悦广场一层1F-03号商铺,手机点餐
马鞍山星悦广场餐厅,马鞍山市,五担岗路398号伟星星悦广场一层1F-03号商铺,手机点餐
正合茂餐厅,青岛市,沧安路与安顺路交叉口东北角的正合茂,"Wi-Fi,店内参观"
正合茂餐厅,青岛市,沧安路与安顺路交叉口东北角的正合茂,"Wi-Fi,店内参观"
盛顺街餐厅,北京市,安顺北路1号院12号楼1至2层124号商铺,手机点餐
盛顺街餐厅,北京市,安顺北路1号院12号楼1至2层124号商铺,手机点餐
乌鲁木齐嘉和园餐厅餐厅,乌鲁木齐市,阿勒泰路313号1层,"Wi-Fi,店内参观"
乌鲁木齐嘉和园餐厅餐厅,乌鲁木齐市,阿勒泰路313号1层,"Wi-Fi,店内参观"
安康兴安餐厅,安康市,汉滨区兴安中路74号晨雨大厦一二层,"Wi-Fi,店内参观,礼品卡"
安康天一餐厅,安康市,天一城市广场A区肯德基,"Wi-Fi,点唱机"
格林春天餐厅,长沙市,宁乡县新康西路与安康路交汇处格林春天一层,"Wi-Fi,点唱机,店内参观"
安康万达餐厅,安康市,市辖区高新技术产业开发区汉江路与秦岭大道交叉口安康万达,"Wi-Fi,店内参观"
安康万达餐厅,安康市,市辖区高新技术产业开发区汉江路与秦岭大道交叉口安康万达,"Wi-Fi,店内参观"
椒江金地中成广场餐厅,台州市,安康路与市府大道（东）交叉口东南200米,手机点餐
椒江金地中成广场餐厅,台州市,安康路与市府大道（东）交叉口东南200米,手机点餐
城南惠润家餐厅,六安市,城南镇安康路与磨子潭路交口惠润家超市一层,"店内参观,手机点餐"
城南惠润家餐厅,六安市,城南镇安康路与磨子潭路交口惠润家超市一层,"店内参观,手机点餐"
阿克苏友好餐厅,阿克苏市,迎宾路2号天百时尚购物中心一层肯德基餐厅,"Wi-Fi,店内参观,礼品卡"
京通新城餐厅,北京市,朝阳路杨闸环岛西北京通苑30号楼一层南侧,"24小时,Wi-Fi,点唱机,店内参观,礼品卡,手机点餐"
旧宫餐厅,北京市,北京经济技术开发区（大兴）旧宫西路3号物美商城一层,"Wi-Fi,店内参观,礼品卡"
黄寺大街餐厅,北京市,黄寺大街15号北京城乡黄寺商厦,"Wi-Fi,点唱机,店内参观,礼品卡"
四季青桥餐厅,北京市,西四环北路117号北京欧尚超市F1、B1,"Wi-Fi,礼品卡"
亦庄餐厅,北京市,北京经济开发区西环北路18号F1＋F2,"Wi-Fi,礼品卡,手机点餐"
北京南站餐厅,北京市,北京南站候车大厅B岛201号,"Wi-Fi,礼品卡"
北清路餐厅,北京市,北京北清路1号146区,"点唱机,礼品卡"
巴沟餐厅,北京市,巴沟路2号北京华联万柳购物中心一层,"Wi-Fi,礼品卡"
欢乐谷餐厅,北京市,南磨房乡小武基北路北京欢乐谷内欢乐时光区一层,礼品卡
亦庄沃尔玛餐厅,北京市,经济技术开发区文化园东路6号北京经开汇展中心1-2层,"Wi-Fi,店内参观,礼品卡"
北京南站二餐厅,北京市,北京南站候车大厅地下一层（快速进站口1）部分场地,"Wi-Fi,礼品卡"
北京站Select餐厅,北京市,北京火车站候车大厅一层西侧原商务中心,"精选店,礼品卡"
西客站内三餐厅,北京市,莲花桥东路118号北京西客站候车大厅内2层第4营业厅及2层夹层回廊,礼品卡
通州北苑华联餐厅,北京市,杨庄北里五十二号天时名苑小区十四号楼北京华联南侧一层,"Wi-Fi,店内参观,礼品卡"
西环嘉茂餐厅,北京市,北京北站旁 凯德mall负一层,"Wi-Fi,店内参观,礼品卡"
日照银座餐厅餐厅,日照市,北京路与泰安路交汇处银座一楼肯德基,"Wi-Fi,店内参观,礼品卡"
荆州北京路餐厅,荆州市,北京中路227号肯德基餐厅,"点唱机,礼品卡"
荆州月亮湾餐厅,荆州市,沙市中商百货一楼北京路中路173号,"点唱机,礼品卡"
金山餐厅,福州市,建新镇金山大道100号北京金山05店面,"Wi-Fi,点唱机,店内参观,礼品卡"
北京南站三餐厅,北京市,北京南站地下一层南大门内东侧场地快速进站口3与快速进站口4中间,礼品卡
北京南站五餐厅,北京市,北京南站地下一层到达层西南侧第5出站口旁,礼品卡
北京南站六餐厅,北京市,北京南站二层旅客出发层西南角（23B检票口）旁,礼品卡
北京站广场二餐厅,北京市,北京站进站口西侧前廊下,"24小时,礼品卡"
马坡汽车穿梭餐厅,北京市,马坡镇顺城大街29号北京乡村乐园一层,"Wi-Fi,店内参观,礼品卡"
新城外城DT餐厅,北京市,南四环成寿寺路308号北京城外诚家居广场停车广场,"Wi-Fi,店内参观,礼品卡"
铁路餐厅,乌鲁木齐市,北京南路895号电话3822695,"Wi-Fi,点唱机,礼品卡"
苏州路餐厅,乌鲁木齐市,北京南路28号家乐福苏州路购物中心一层肯德基餐厅,"Wi-Fi,点唱机,店内参观,礼品卡"
蒙苑餐厅,呼和浩特市,兴安北路169号北京华联一层,"Wi-Fi,点唱机,店内参观,礼品卡"
南昌餐厅,兰州市,南昌路982号新北京华联一层,"Wi-Fi,店内参观,礼品卡"
金利餐厅,南京市,新华路138号鑫乐广场（北京华联超市旁）,"Wi-Fi,店内参观,礼品卡"
芜湖营盘山路餐厅,芜湖市,北京东路与营盘山路交叉口大润发超市一楼,"24小时,Wi-Fi,店内参观,礼品卡"
南京肯德基有限公司淮安北京路苏果餐厅,淮安市,清河区北京新村五区新苑逸城,"24小时,Wi-Fi,店内参观,礼品卡"
金阳82266155餐厅,贵阳市,金阳新区北京西路金源时代购物中心一层,"24小时,Wi-Fi,点唱机,店内参观,礼品卡"
国酒路餐厅,遵义市,仁怀市中枢镇酒都新区国酒大道超一时代广场一楼北京华联旁,"24小时,Wi-Fi,点唱机,礼品卡"
白云餐厅,昆明市,北京路延长线大白庙村家乐福超市一楼,"24小时,Wi-Fi,点唱机,礼品卡"
北辰餐厅,昆明市,北京路延长线财富中心E栋,"24小时,Wi-Fi,礼品卡"
购物广场餐厅,北海市,北海大道与北京路交汇处北海城购物广场首层,"24小时,Wi-Fi,点唱机,店内参观,礼品卡"
博乐友好餐厅,博乐市,北京路与新华路交汇处友好购物中心肯德基餐厅,"Wi-Fi,店内参观,礼品卡"
梦时代餐厅,南昌市,北京东路308号恒茂梦时代国际广场三号楼一层,"Wi-Fi,点唱机,店内参观,礼品卡"
荆州万达餐厅,荆州市,北京西路508号万达广场一层1001A,"点唱机,礼品卡"
洪泽大润发餐厅,淮安市,北京路与建设路交汇处,"Wi-Fi,店内参观,礼品卡"
南京肯德基有限公司淮阴时代餐厅,淮安市,北京东路和淮海北路交汇处,"24小时,Wi-Fi,店内参观,礼品卡"
洪城大厦餐厅,南昌市,西湖区北京西路156号一层洪城大厦肯德基,"Wi-Fi,点唱机,礼品卡"
福润德餐厅餐厅,乌鲁木齐市,北京南路433号大寨沟福润德一楼肯德基餐厅,"Wi-Fi,点唱机,店内参观,礼品卡"
奎屯友好餐厅餐厅,伊犁哈萨克自治州,飞鸿里北京东路3栋友好时尚购物中心1-2层,
徐州泉山大润发餐厅,徐州市,北京路与欣欣路交叉口大润发超市一层,"Wi-Fi,点唱机,店内参观"
大兴龙湖餐厅,北京市,龙湖北京大兴天街商业楼三层3F-10a铺位,"Wi-Fi,店内参观"
徐州铜山万达餐厅,徐州市,TEL:0516-83859680=北京北路19号,"24小时,点唱机,店内参观"
西站南广场二号餐厅,北京市,北京西客站南站房东附楼一层105号铺位、104铺位和二层204铺位,"Wi-Fi,点唱机"
银川悦海餐厅,银川市,尹家渠街东侧、枕水路南侧北京华联悦海新天地购物中心一层,"Wi-Fi,点唱机,手机点餐"
万达电话18571740284餐厅,十堰市,发展大道与北京路延长线交汇处,"Wi-Fi,点唱机,店内参观"
银川新华联餐厅,银川市,通达北街以西北京路以北新华联广场1层、4层,"Wi-Fi,手机点餐"
沧州高铁站餐厅,沧州市,北京路西端头高铁站候车大厅二楼,"Wi-Fi,点唱机"
北海宁春城餐厅,北海市,北京路西、西南大道北和安.宁春城一期,"24小时,Wi-Fi,点唱机,店内参观"
宣堡服务区北餐厅,泰州市,宣堡北052381560366(往北京方向),Wi-Fi
西郊百益餐厅餐厅,拉萨市,北京中路46号西郊百益超市一层,"Wi-Fi,点唱机"
北京路天河城（原仰忠汇）餐厅,广州市,越秀区北京路168号二层自编B201/L201号铺,"Wi-Fi,点唱机,店内参观"
北京肯德基有限公司紫码路餐厅餐厅,北京市,阎村镇乐活家园45号楼一层109号商铺、二层109号商铺、二层108号商铺,"Wi-Fi,店内参观"
拉萨功德林天街餐厅,拉萨市,"北京中路47号1,2层",Wi-Fi
肯德基精选1（北京方向）餐厅,唐山市,电话：0315-6561129，,"Wi-Fi,精选店"
橘洲一号餐厅,茂名市,北京东三路18号橘洲一号（2栋负一楼商铺）首层,"Wi-Fi,点唱机,店内参观"
十堰远洋国际餐厅,十堰市,五堰街办北京北路83A号1幢2-1,"Wi-Fi,点唱机"
新机场2号餐厅,北京市,大兴区北京大兴国际机场国际抵港区域,Wi-Fi
胜利门餐厅,怀化市,沅陵县辰州中路北京公馆2栋1层,"Wi-Fi,点唱机,店内参观"
观山湖印象城餐厅,贵阳市,北京西路与金阳南路交界处西南角,"Wi-Fi,点唱机"
南京肯德基有限公司沭阳万达餐厅,宿迁市,北京南路（原新城路22号）万达广场一层1030号商铺,"Wi-Fi,点唱机"
北京南站九餐厅,北京市,丰台区北京南站高架层东南角,精选店
贵阳数博万达餐厅,贵阳市,北京西路66号万达广场1031号商铺,"Wi-Fi,点唱机"
贵阳数博万达餐厅,贵阳市,北京西路66号万达广场1031号商铺,"Wi-Fi,点唱机"
皖江环球港餐厅,铜陵市,北京西路与政府北路交叉口北斗星城2期1-3#栋一层,Wi-Fi
西宁长江路餐厅餐厅,西宁市,北京华联华联购物中心一楼肯德基,Wi-Fi
皖江环球港餐厅,铜陵市,北京西路与政府北路交叉口北斗星城2期1-3#栋一层,Wi-Fi
西宁长江路餐厅餐厅,西宁市,北京华联华联购物中心一楼肯德基,Wi-Fi
辽中服务区外卖点(北京方向）餐厅,沈阳市,辽中县京哈高速公路沿线辽中服务区北侧一层（北京方向）,Wi-Fi
辽中服务区外卖点(北京方向）餐厅,沈阳市,辽中县京哈高速公路沿线辽中服务区北侧一层（北京方向）,Wi-Fi
北京朝阳站餐厅,北京市,北京朝阳站内二层高架夹层G2-9-1,精选店
北京朝阳站餐厅,北京市,北京朝阳站内二层高架夹层G2-9-1,精选店
新百CCPARK餐厅,银川市,回族自治区北京中路192号CCpark店一层1D23铺,"Wi-Fi,店内参观"
新百CCPARK餐厅,银川市,回族自治区北京中路192号CCpark店一层1D23铺,"Wi-Fi,店内参观"
红军营餐厅,北京市,来广营北京龙湖蓝海引擎产业园一层【L1-007】,"Wi-Fi,店内参观"
红军营餐厅,北京市,来广营北京龙湖蓝海引擎产业园一层【L1-007】,"Wi-Fi,店内参观"
大兴国际机场六号餐厅,北京市,北京大兴国际机场航站楼S-BL02-007、008（大兴机场内）,Wi-Fi
大兴国际机场六号餐厅,北京市,北京大兴国际机场航站楼S-BL02-007、008（大兴机场内）,Wi-Fi
十堰环球港餐厅,十堰市,北京路十堰环球港1B层A08,"Wi-Fi,点唱机,店内参观,手机点餐"
十堰环球港餐厅,十堰市,北京路十堰环球港1B层A08,"Wi-Fi,点唱机,店内参观,手机点餐"
十堰环球港餐厅,十堰市,北京路十堰环球港1B层A08,"Wi-Fi,点唱机,店内参观,手机点餐"
十堰环球港餐厅,十堰市,北京路十堰环球港1B层A08,"Wi-Fi,点唱机,店内参观,手机点餐"
金安桥中海餐厅,北京市,"02商铺阜石路与北辛安路交汇处东南角的北京金安中海环宇荟地上一层的L101,L1","Wi-Fi,店内参观"
金安桥中海餐厅,北京市,"02商铺阜石路与北辛安路交汇处东南角的北京金安中海环宇荟地上一层的L101,L1","Wi-Fi,店内参观"
北京站精选四餐厅,北京市,北京站内一层大厅中间区域LED显示屏下,精选店
北京站精选四餐厅,北京市,北京站内一层大厅中间区域LED显示屏下,精选店
银川兴庆吾悦餐厅,银川市,回族自治区北京东路新城吾悦广场【1002、1003】号商铺,"Wi-Fi,店内参观"
荆州人信汇餐厅,荆州市,北京中路239号人信汇一层123号商铺,"24小时,点唱机,手机点餐"
荆州人信汇餐厅,荆州市,北京中路239号人信汇一层123号商铺,"24小时,点唱机,手机点餐"
锦隆财富中心餐厅,红河哈尼族彝族自治州,天马路与北京路交叉锦隆财富中心一层,"Wi-Fi,点唱机,手机点餐"
功德林天街餐厅,拉萨市,北京中路11号功德林天街1楼,手机点餐
锦隆财富中心餐厅,红河哈尼族彝族自治州,天马路与北京路交叉锦隆财富中心一层,"Wi-Fi,点唱机,手机点餐"
青年北路餐厅,北京市,平房镇姚家园路与青年北路交叉口西北京姚家园万象汇B110号商铺,手机点餐
功德林天街餐厅,拉萨市,北京中路11号功德林天街1楼,手机点餐
西郊百益餐厅,拉萨市,城西区北京中路以南百益超市一层（北京中路46号）,手机点餐
西郊百益餐厅,拉萨市,城西区北京中路以南百益超市一层（北京中路46号）,手机点餐
博兴七路餐厅,北京市,北京经济技术开发区鹿海园四里9号楼106室,"Wi-Fi,店内参观"
青年北路餐厅,北京市,平房镇姚家园路与青年北路交叉口西北京姚家园万象汇B110号商铺,手机点餐
博兴七路餐厅,北京市,北京经济技术开发区鹿海园四里9号楼106室,"Wi-Fi,店内参观"
保定站餐厅,保定市,阳光南大街519号保定火车站,"Wi-Fi,点唱机,精选店,礼品卡"
保定涞水百里峡餐厅餐厅,保定市,涞水县三坡镇苟各庄村百里峡景区商业街与百里峡大道交叉口东南角第一栋第一层,"Wi-Fi,精选店"
保定涞水百里峡甜品站餐厅,保定市,涞水县三坡镇苟各庄村百里峡景区商业街向南行景区入口（售票处北侧）,24小时
保定安新双隆餐厅餐厅,保定市,安新镇雁翔东路北侧双隆商厦1层（8号门店）,"Wi-Fi,点唱机"
保定帕克餐厅,保定市,北二环路999号钟楼Park3.1一层129-2#商铺,Wi-Fi
保定未来石万达餐厅,保定市,东三环西、七一路北侧未来石万达广场6号门1001号商铺,"24小时,Wi-Fi,点唱机,店内参观"
保定惠友十方外卖点餐厅,保定市,建华南大街789号惠友购物广场一层肯德基,"Wi-Fi,精选店"
保定保师附小餐厅餐厅,保定市,市辖区复兴中路955-30号商铺(京南一品东门北侧）,"Wi-Fi,点唱机"
保定容城双隆餐厅餐厅,保定市,古城路18号双隆商厦一层,"Wi-Fi,点唱机,店内参观"
保定容城双隆餐厅餐厅,保定市,古城路18号双隆商厦一层,"Wi-Fi,点唱机,店内参观"
保定保师附小餐厅餐厅,保定市,市辖区复兴中路955-30号商铺(京南一品东门北侧）,"Wi-Fi,点唱机"
保定瑞祥餐厅餐厅,保定市,新市区瑞祥大街风帆家园7#楼-4-5-6-7商业的002号商铺,"Wi-Fi,店内参观"
保定瑞祥餐厅餐厅,保定市,新市区瑞祥大街风帆家园7#楼-4-5-6-7商业的002号商铺,"Wi-Fi,店内参观"
保定瑞祥餐厅餐厅,保定市,新市区瑞祥大街风帆家园7#楼-4-5-6-7商业的002号商铺,"Wi-Fi,店内参观"
保定瑞祥餐厅餐厅,保定市,新市区瑞祥大街风帆家园7#楼-4-5-6-7商业的002号商铺,"Wi-Fi,店内参观"
保定美廉好餐厅餐厅,保定市,市辖区建华大街1533号美廉好超市一层7号门脸,"Wi-Fi,点唱机,店内参观,手机点餐"
保定美廉好餐厅餐厅,保定市,市辖区建华大街1533号美廉好超市一层7号门脸,"Wi-Fi,点唱机,店内参观,手机点餐"
蚌埠南站餐厅,蚌埠市,蚌埠南站餐厅（南站站内二楼）,
蚌埠宝龙餐厅,蚌埠市,兴业街555号宝龙城市广场A区1层A31024号,"24小时,Wi-Fi,点唱机,店内参观,礼品卡"
蚌埠万达餐厅,蚌埠市,工农路与东海大道交叉口万达广场一/二层,"24小时,Wi-Fi,点唱机,店内参观,礼品卡"
蚌埠吾悦餐厅,蚌埠市,解放路750号新城吾悦广场1057-2号.1057-3号商铺,"Wi-Fi,点唱机"
滨州大润发餐厅,滨州市,黄河六路与渤海七路交叉口东角被称为“滨州大润发超市”地块上部分一层,"Wi-Fi,点唱机,店内参观,礼品卡"
滨州万达餐厅,滨州市,黄河十二路以南渤海十一路以西的万达广场内1039-1050号商铺,"Wi-Fi,点唱机"
包头机场餐厅餐厅,包头市,二里半机场,"Wi-Fi,点唱机,礼品卡"
包头九原万达餐厅餐厅,包头市,九原区沙河街与210国道交口九原万达广场一层[1038+1039]商铺,Wi-Fi
包头昆区吾悦广场餐厅餐厅,包头市,稀土大街以南、丰盈路以东、沼园西路以北、林荫南路以西新城吾悦广场一层,"Wi-Fi,点唱机,店内参观"
包头阿尔丁餐厅餐厅,包头市,阿尔丁西大街5号,"Wi-Fi,点唱机,店内参观"
包头昆区吾悦广场餐厅餐厅,包头市,稀土大街以南、丰盈路以东、沼园西路以北、林荫南路以西新城吾悦广场一层,"Wi-Fi,点唱机,店内参观"
包头阿尔丁餐厅餐厅,包头市,阿尔丁西大街5号,"Wi-Fi,点唱机,店内参观"
宝鸡高新餐厅,宝鸡市,高新四路人人乐超市旁,"24小时,Wi-Fi,点唱机,店内参观,礼品卡"
宝鸡金台餐厅,宝鸡市,金台大道五洲商厦一层,"Wi-Fi,点唱机,店内参观,礼品卡,手机点餐"
宝鸡餐厅,宝鸡市,经二路112号(宝商隔壁）,"Wi-Fi,点唱机,店内参观,礼品卡"
宝鸡银泰餐厅,宝鸡市,金台大道66号,"Wi-Fi,点唱机"
宝鸡吾悦餐厅,宝鸡市,市辖区高新开发区渭滨大道388号新城吾悦广场,"Wi-Fi,点唱机,精选店,手机点餐"
购物广场餐厅,北海市,北海大道与北京路交汇处北海城购物广场首层,"24小时,Wi-Fi,点唱机,店内参观,礼品卡"
北海餐厅餐厅,沈阳市,北海街83号3门4门,"Wi-Fi,礼品卡"
北海万达餐厅,北海市,广东路以东、杭州路以北的万达广场内的【1050、2038】号商铺,"24小时,Wi-Fi,点唱机,店内参观"
北海宁春城餐厅,北海市,北京路西、西南大道北和安.宁春城一期,"24小时,Wi-Fi,点唱机,店内参观"
商丘万达餐厅,商丘市,睢阳区北海路南侧归德路东侧万达广场内的1038号商铺,"24小时,Wi-Fi,点唱机,店内参观"
北海胖东来餐厅,许昌市,新元大道镜水路交叉口西南角胖东来一层,"Wi-Fi,点唱机"
坊子泰华城餐厅,潍坊市,北海路以西、凤凰大街以北、风华街以南、、泰和路以东泰华城一层,"Wi-Fi,点唱机,店内参观"
北海路银座(电话8059060)餐厅,潍坊市,北海路以西、胜利东街以南的银座商城负一层13325263056,"Wi-Fi,点唱机,店内参观,手机点餐"
北海路银座(电话8059060)餐厅,潍坊市,北海路以西、胜利东街以南的银座商城负一层13325263056,"Wi-Fi,点唱机,店内参观,手机点餐"
亳州魏武餐厅,亳州市,魏武大道与光明路交叉口东北角金桥大厦,"24小时,Wi-Fi,店内参观,礼品卡"
亳州新东方餐厅,亳州市,新华南路（原亳州宾馆）新东方商场一楼,"Wi-Fi,店内参观,礼品卡"
亳州万达（万达广场1号门北侧）餐厅,亳州市,希夷大道万达广场购物中心1F-1001铺,"点唱机,店内参观"
百色餐厅,百色市,电话0776-2860200,"24小时,Wi-Fi,店内参观,礼品卡"
百色鼎盛餐厅,百色市,肯德基鼎盛店早餐外送7点-23点,"24小时,Wi-Fi,店内参观"
百色中山广场(早餐/外送）餐厅,百色市,中山路42号中山广场B座G1层(早餐+外送）,"Wi-Fi,店内参观"
百色大润发餐厅,百色市,江南片区那毕大道右侧C01号,"Wi-Fi,店内参观,手机点餐"
巴中王府井餐厅,巴中市,秦巴大道西段2号王府井购物中心1层,"Wi-Fi,点唱机,店内参观"
本溪好佳餐厅餐厅,本溪市,平山区水塔路15号肯德基好佳店,"Wi-Fi,点唱机,店内参观,礼品卡"
丁字沽餐厅餐厅,天津市,本溪路19号,"Wi-Fi,点唱机"
本溪万达餐厅,本溪市,平山路118栋,"Wi-Fi,点唱机"
本溪万达甜品站餐厅,本溪市,平山路118栋,"Wi-Fi,店内参观"
本溪水洞外卖点餐厅,本溪市,谢家崴子村本溪水洞风景区售票处,
保山吾悦餐厅,保山市,市辖区保山新城吾悦广场1001号商铺,"Wi-Fi,点唱机,店内参观"
保山吾悦餐厅,保山市,市辖区保山新城吾悦广场1001号商铺,"Wi-Fi,点唱机,店内参观"
长白山餐厅,白山市,松江河填万达南区商业街白云路579号1楼186、187号,"Wi-Fi,礼品卡,手机点餐"
松花湖餐厅,吉林市,小白山乡青山村万科松花湖滑雪场,"24小时,Wi-Fi,精选店"
新丰餐厅,延边朝鲜族自治州,长白山西路4213号,"点唱机,店内参观"
白山万达餐厅,白山市,万达广场内1001、1002号商铺,"精选店,手机点餐"
白山万达餐厅,白山市,万达广场内1001、1002号商铺,"精选店,手机点餐"
锦华餐厅,成都市,锦华路一段68号成都锦华万达广场3号门旁,"24小时,Wi-Fi,点唱机,礼品卡"
成都机场T2餐厅,成都市,成都双流国际机场T2航站楼安检内FG指廊，170号登机口对面,礼品卡
成都佛罗伦萨餐厅,成都市,郫县银杏路888号2层E21单元,"Wi-Fi,点唱机"
成都机场T2到达精选餐厅,成都市,双流县成都双流国际机场T2候机楼到达层,精选店
成都T2出发餐厅,成都市,双流县四川成都双流国际机场T2航站楼3楼出发层夹层UM-F-2A号,
恒大广场餐厅,成都市,提督路99号成都恒大广场1层,"Wi-Fi,点唱机"
红星美学中心餐厅,成都市,市辖区成都天府新区天府大道南段2608号红星美凯龙生活美学中心一层,"Wi-Fi,点唱机,店内参观"
青白江万达餐厅,成都市,成都万达广场1025/1026B号商铺,Wi-Fi
红星美学中心餐厅,成都市,市辖区成都天府新区天府大道南段2608号红星美凯龙生活美学中心一层,"Wi-Fi,点唱机,店内参观"
青白江万达餐厅,成都市,成都万达广场1025/1026B号商铺,Wi-Fi
恒大广场餐厅,成都市,提督路99号成都恒大广场1层,"Wi-Fi,点唱机"
大面世茂餐厅,成都市,金枫路833号成都世茂广场B1层15号铺,"Wi-Fi,点唱机,店内参观"
大面世茂餐厅,成都市,金枫路833号成都世茂广场B1层15号铺,"Wi-Fi,点唱机,店内参观"
大面世茂餐厅,成都市,金枫路833号成都世茂广场B1层15号铺,"Wi-Fi,点唱机,店内参观"
大面世茂餐厅,成都市,金枫路833号成都世茂广场B1层15号铺,"Wi-Fi,点唱机,店内参观"
成都东站客运站餐厅,成都市,成都东长途汽车客运站(不是动车站，不在东站内),"Wi-Fi,点唱机"
成都东站客运站餐厅,成都市,成都东长途汽车客运站(不是动车站，不在东站内),"Wi-Fi,点唱机"
蒲江服务区南餐厅—往成都方向餐厅,成都市,成雅高速蒲江服务区南—往成都方向,"Wi-Fi,点唱机,精选店"
蒲江服务区南餐厅—往成都方向餐厅,成都市,成雅高速蒲江服务区南—往成都方向,"Wi-Fi,点唱机,精选店"
成都东站到达层西广场餐厅餐厅,成都市,东客站综合交通枢纽地方配套商业项目【西广场地下配套服务区】楼【part2商铺】,Wi-Fi
成都东站到达层西广场子餐厅,成都市,成都东客站综合交通枢纽地方配套商业项目【西广场地下配套服务区】楼R1、 R,Wi-Fi
天府机场生活区餐厅,成都市,市辖区成都天府国际机场陆侧员工生活区5号公寓楼底层商铺,"Wi-Fi,点唱机"
成都东站出发层东广场夹层餐厅,成都市,成都东站高架夹层JB01区域,手机点餐
成都东站出发层东广场夹层餐厅,成都市,成都东站高架夹层JB01区域,手机点餐
大丰保利餐厅,成都市,大丰街道大天路与北星大道交汇处保利广场成都大都汇1F层,"Wi-Fi,精选店"
大丰保利餐厅,成都市,大丰街道大天路与北星大道交汇处保利广场成都大都汇1F层,"Wi-Fi,精选店"
联投中心餐厅,合肥市,滨湖新区成都路与韶山路交口联投中心B座商103-104,"Wi-Fi,手机点餐"
成都东站出发层东广场夹层餐厅,成都市,成都东站高架夹层JB01区域,
成都创意山餐厅,成都市,锦江大道366号1层，锦江大道368号3栋1层1/2号,"Wi-Fi,手机点餐"
成都东站出发层东广场夹层餐厅,成都市,成都东站高架夹层JB01区域,
成都创意山餐厅,成都市,锦江大道366号1层，锦江大道368号3栋1层1/2号,"Wi-Fi,手机点餐"
成都阳光新业中心餐厅,成都市,一环路东五段55号1栋1层1号,手机点餐
联投中心餐厅,合肥市,滨湖新区成都路与韶山路交口联投中心B座商103-104,"Wi-Fi,手机点餐"
成都阳光新业中心餐厅,成都市,一环路东五段55号1栋1层1号,手机点餐
星沙餐厅,长沙市,星沙镇长沙通程商业广场,"Wi-Fi,点唱机,店内参观,礼品卡"
长沙火车站餐厅,长沙市,火车站候车大楼雨廊南侧消防门往南4个门店及扩建房屋,"Wi-Fi,礼品卡"
高铁二楼候车室B2进站口肯德基餐厅,长沙市,武广高铁长沙南站出发层长3-1-1商铺餐厅,"Wi-Fi,礼品卡"
长沙高铁到达层餐厅,长沙市,武广高铁长沙南站西广场到达层出站口餐厅,"Wi-Fi,礼品卡"
华晨餐厅,长沙市,万家丽路与长沙大道交汇处华晨世纪广场1F肯德基餐厅,"Wi-Fi,点唱机,礼品卡"
长沙大道餐厅,长沙市,长沙大道与沙湾路交汇处好润佳超市一楼肯德基,"Wi-Fi,点唱机,店内参观,礼品卡"
长沙登高路餐厅,长沙市,登高路（东方红广场后面岳麓山登山路口）,"Wi-Fi,点唱机,店内参观,手机点餐"
长沙东站餐厅,长沙市,张公岭远大一路远通苑一层,"Wi-Fi,店内参观"
芙蓉南站餐厅,长沙市,芙蓉区长株潭城际铁路长沙芙蓉南站候车大厅2号,"Wi-Fi,店内参观"
时代奥莱餐厅,长沙市,金州新区金水东路与欧洲北路交汇处东北角长沙时代奥特莱斯一层C区,"Wi-Fi,点唱机,店内参观"
湘龙路餐厅,长沙市,长沙县星沙镇土桥村、高沙村湘龙路以北长沙保利广场一层,"Wi-Fi,点唱机,店内参观"
板仓路餐厅,长沙市,长沙经开区板仓南路以西南山路以南中茂商业广场负一楼,"Wi-Fi,点唱机,店内参观"
百联奥莱餐厅,长沙市,长沙县黄金大道以西、天祥路以南长沙临空经济区百联奥特莱斯购物广场（一期）路一层,"Wi-Fi,店内参观"
砂之船肯德基餐厅,长沙市,望城区金星大道砂之船(长沙)奥莱项目LG层,"Wi-Fi,店内参观"
小塘路餐厅,长沙市,长沙县泉塘街道小塘路81号紫云阁1、2、3栋101号商铺,"Wi-Fi,点唱机,店内参观"
开平餐厅,江门市,长沙西郊路22号首层,"Wi-Fi,点唱机,店内参观"
长沙西服务区北区餐厅,长沙市,宁乡县长沙西服务区北区,"Wi-Fi,精选店"
开平餐厅,江门市,长沙西郊路22号首层,"Wi-Fi,点唱机,店内参观"
长沙西服务区北区餐厅,长沙市,宁乡县长沙西服务区北区,"Wi-Fi,精选店"
长沙西服务区南区餐厅,长沙市,宁乡县长沙西服务区南区,"Wi-Fi,点唱机,精选店"
长沙西服务区南区餐厅,长沙市,宁乡县长沙西服务区南区,"Wi-Fi,点唱机,精选店"
A区检票口A8/9右侧肯德基餐厅,长沙市,长沙南火车站安检内出发大厅长3-33-1号店铺,"Wi-Fi,点唱机,店内参观,精选店"
A区检票口A8/9右侧肯德基餐厅,长沙市,长沙南火车站安检内出发大厅长3-33-1号店铺,"Wi-Fi,点唱机,店内参观,精选店"
溪悦荟餐厅,长沙市,长沙万家丽路与香樟路交汇处,Wi-Fi
溪悦荟餐厅,长沙市,长沙万家丽路与香樟路交汇处,Wi-Fi
长沙屿餐厅,长沙市,05号汇金路877号嘉华智谷产业园（长沙屿）项目Q1、A2、A3栋一层102-1,"Wi-Fi,店内参观"
长沙屿餐厅,长沙市,05号汇金路877号嘉华智谷产业园（长沙屿）项目Q1、A2、A3栋一层102-1,"Wi-Fi,店内参观"
天悦汇餐厅,江门市,长沙街道开平大道1号16幢首层127号,"Wi-Fi,点唱机,店内参观"
长沙爱尔总部餐厅,长沙市,赤岭路街道芙蓉南路以西、白兰路以南爱尔总部大厦2#栋一层,店内参观
长沙爱尔总部餐厅,长沙市,赤岭路街道芙蓉南路以西、白兰路以南爱尔总部大厦2#栋一层,店内参观
长沙广济桥餐厅,长沙市,芙蓉区梓园路39号长天大厦一层101铺,"Wi-Fi,点唱机,店内参观"
长沙宜家荟聚餐厅,长沙市,坪塘大道与洋湖大道交叉口东南角长沙荟聚中心L2层2D01T号物业,"Wi-Fi,手机点餐"
长沙绿地中心餐厅,长沙市,芙蓉中路绿地中心一层A-109号商铺,"Wi-Fi,点唱机,店内参观"
长沙财富大厦餐厅,长沙市,洪山路289号理想智慧大厦第1栋一层107&108号商铺,Wi-Fi
长沙世景天虹餐厅,长沙市,开元路以南、东三路以东天虹商场一层,"Wi-Fi,点唱机,店内参观"
长沙星城天地餐厅,长沙市,井湾子街道湘府东路二段398号步步高星城天地项目LG层013&014号商铺,"Wi-Fi,店内参观,手机点餐"
长沙星城天地餐厅,长沙市,井湾子街道湘府东路二段398号步步高星城天地项目LG层013&014号商铺,"Wi-Fi,店内参观,手机点餐"
长沙东升DT餐厅,长沙市,星沙街道东升路189号小海豚加油站旁,"店内参观,手机点餐"
长沙广发隆平K咖啡餐厅,长沙市,雄天路118号长沙现代服务业产业园1号102-01室,手机点餐
长沙保利甜品站餐厅,长沙市,芙蓉北路保利时代,"店内参观,手机点餐"
长沙富力星光餐厅,长沙市,庙湾路与滨柳路交汇处,"Wi-Fi,手机点餐"
长沙洪山路餐厅,长沙市,福元西路508号五矿长沙Live购物广场一层L127、L128商铺,"Wi-Fi,点唱机,店内参观"
长沙银星路餐厅,长沙市,星城镇金甲村金星北路与银星路交汇处星巢PARK一层,"Wi-Fi,手机点餐"
长沙医学院餐厅,长沙市,雷锋大道东侧富兴学府名邸一期商业1#栋106-111号,手机点餐
长沙东升DT餐厅,长沙市,星沙街道东升路189号小海豚加油站旁,"店内参观,手机点餐"
长沙洪山路餐厅,长沙市,福元西路508号五矿长沙Live购物广场一层L127、L128商铺,"Wi-Fi,点唱机,店内参观"
长沙富力星光餐厅,长沙市,庙湾路与滨柳路交汇处,"Wi-Fi,手机点餐"
长沙橄榄城餐厅,长沙市,星沙东四路29号橄榄城A1号栋1层101-103号商铺,手机点餐
长沙保利甜品站餐厅,长沙市,芙蓉北路保利时代,"店内参观,手机点餐"
长沙广发隆平K咖啡餐厅,长沙市,雄天路118号长沙现代服务业产业园1号102-01室,手机点餐
长沙橄榄城餐厅,长沙市,星沙东四路29号橄榄城A1号栋1层101-103号商铺,手机点餐
长沙坡子街餐厅,长沙市,云玺潮汇S1层1001-1号,"Wi-Fi,手机点餐"
长沙坡子街餐厅,长沙市,云玺潮汇S1层1001-1号,"Wi-Fi,手机点餐"
长沙银星路餐厅,长沙市,星城镇金甲村金星北路与银星路交汇处星巢PARK一层,"Wi-Fi,手机点餐"
长沙医学院餐厅,长沙市,雷锋大道东侧富兴学府名邸一期商业1#栋106-111号,手机点餐
长沙中南大学K咖啡餐厅,长沙市,中南大学南校区升华12栋负一层,手机点餐
长沙天健城餐厅,长沙市,天健芙蓉盛世花园三期（天健城）南区S2商业裙楼房一层112-115,手机点餐
长沙天健城餐厅,长沙市,天健芙蓉盛世花园三期（天健城）南区S2商业裙楼房一层112-115,手机点餐
长沙中南大学K咖啡餐厅,长沙市,中南大学南校区升华12栋负一层,手机点餐
长沙月湖餐厅,长沙市,131-1号商铺万家丽北路藏珑湖上国际花园3期2栋一层2-129-1&2-130-1&2-,手机点餐
长沙天麓餐厅,长沙市,雷锋大道609号天麓小区二期天麓喜欢里一层10078-10083号商铺,手机点餐
长沙月湖餐厅,长沙市,131-1号商铺万家丽北路藏珑湖上国际花园3期2栋一层2-129-1&2-130-1&2-,手机点餐
长沙天麓餐厅,长沙市,雷锋大道609号天麓小区二期天麓喜欢里一层10078-10083号商铺,手机点餐
长沙云栖路餐厅,长沙市,云栖路556号南山十里天池22栋117-119号商铺,"Wi-Fi,手机点餐"
长沙云栖路餐厅,长沙市,云栖路556号南山十里天池22栋117-119号商铺,"Wi-Fi,手机点餐"
长沙肯德基有限公司竞中心KCOFFEE餐厅,长沙市,尖山路18号中电软件园二期B7栋一楼,手机点餐
长沙肯德基有限公司竞中心KCOFFEE餐厅,长沙市,尖山路18号中电软件园二期B7栋一楼,手机点餐
长沙明宸府餐厅,长沙市,时代阳光大道长房明宸府一栋一层208号,手机点餐
长沙明宸府餐厅,长沙市,时代阳光大道长房明宸府一栋一层208号,手机点餐
崇智餐厅,长春市,重庆路1388号（沃尔玛购物广场二楼）,礼品卡
解放东路餐厅,吉林市,重庆路1367号,"Wi-Fi,礼品卡"
民权餐厅,重庆市,重庆民权路1号,"24小时,Wi-Fi,礼品卡"
重庆肯德基有限公司大礼堂餐厅餐厅,重庆市,渝中区大溪沟街道人民路133号,"Wi-Fi,点唱机,店内参观,礼品卡"
缙麓餐厅,重庆市,重庆北碚区天生新村63号缙麓商都A栋1-2层,"24小时,Wi-Fi,点唱机,礼品卡"
雄风餐厅,重庆市,重庆北碚区嘉陵风情街33号1-1号一层,"24小时,Wi-Fi,点唱机,店内参观,礼品卡"
鱼洞 餐厅,重庆市,重庆鱼洞新市街80号商社汇1-2层,"24小时,点唱机,礼品卡"
重庆万象城餐厅餐厅,重庆市,重庆谢家湾正街55号华润中心万象城A座LG层和L1层,"Wi-Fi,店内参观,礼品卡"
红星餐厅,重庆市,重庆两江新区金开大道1003号爱情海购物公园负一层肯德基,"Wi-Fi,点唱机,店内参观"
重庆机场T3A餐厅,重庆市,渝北区重庆机场T3A航站楼出发层1号门,"点唱机,精选店"
北广场外卖点餐厅,重庆市,重庆北站渝万场GA07-1号,
亚泰富苑餐厅,长春市,重庆路618号亚泰富苑购物广场1楼,Wi-Fi
重庆来福士餐厅,重庆市,接圣街8号,Wi-Fi
活力城甜品站餐厅,长春市,重庆路18号活力城4层,
时代金街02352117108餐厅,重庆市,重庆时代金街02352117108,"Wi-Fi,店内参观"
重庆北站南广场安检外餐厅,重庆市,重庆火车北站南广场安检外中铁快运肯德基,"Wi-Fi,手机点餐"
重庆北站南广场安检外餐厅,重庆市,重庆火车北站南广场安检外中铁快运肯德基,"Wi-Fi,手机点餐"
重庆北站南广场安检外餐厅,重庆市,重庆火车北站南广场安检外中铁快运肯德基,"Wi-Fi,手机点餐"
重庆北站南广场安检外餐厅,重庆市,重庆火车北站南广场安检外中铁快运肯德基,"Wi-Fi,手机点餐"
大足吾悦餐厅,重庆市,重庆大足新城吾悦广场1068号商铺,"Wi-Fi,手机点餐"
大足吾悦餐厅,重庆市,重庆大足新城吾悦广场1068号商铺,"Wi-Fi,手机点餐"
重庆西站站前广场餐厅,重庆市,凤中路168号,手机点餐
重庆西站站前广场餐厅,重庆市,凤中路168号,手机点餐
重庆西站站前广场餐厅,重庆市,重庆沙坪坝凤中路168号重庆西站站前广场肯德基,手机点餐
重庆西站站前广场餐厅,重庆市,重庆沙坪坝凤中路168号重庆西站站前广场肯德基,手机点餐
长春路友好餐厅,乌鲁木齐市,长春南路216号肯德基餐厅,"点唱机,店内参观,礼品卡"
嘉泰餐厅,大连市,共济办事处西长春路一段九十一号,"24小时,Wi-Fi,点唱机,店内参观,礼品卡"
长春西站餐厅,长春市,安庆北路长春西站二楼候车大厅,"Wi-Fi,礼品卡"
长春欧亚餐厅,长春市,红旗街230号,"Wi-Fi,礼品卡"
长春新火车站餐厅,长春市,长白路5号长春火车站,"Wi-Fi,点唱机,礼品卡"
长春南湖餐厅餐厅,长春市,南关区东岭南街1405号金桥花园22号楼一层,"Wi-Fi,礼品卡"
公明餐厅,深圳市,公明镇长春南路西一号佳华平价市场公明分店首层,"24小时,Wi-Fi,点唱机,店内参观,礼品卡"
新潮餐厅,大庆市,长春路126号,"Wi-Fi,点唱机,店内参观,礼品卡"
长春站内餐厅,长春市,长春火车站内,礼品卡
长春中路餐厅,乌鲁木齐市,高新技术产业开发区 “领秀新城”新世界广场商业综合体A段高新区长春中路818号地上一层（1B03号和1B04号铺面）,"Wi-Fi,点唱机"
长春路餐厅,吉林市,长春路85号西城首府小区G号商业用房地上一层,"Wi-Fi,点唱机"
高新万达餐厅餐厅,乌鲁木齐市,长春北路668号高新万达广场一层,"Wi-Fi,点唱机"
新潮独立甜品站餐厅,大庆市,让胡路区长春路126号新潮商场1楼C厅,
光明大仟里餐厅,深圳市,光明新区公明街道松白路与长春中路交汇处光明大仟里,"Wi-Fi,点唱机,店内参观"
生福百货餐厅,潮州市,（0768-2222901）潮安区潮汕公路庵埠茂龙长春路21号一层自编101号铺面,"24小时,Wi-Fi,点唱机,店内参观"
长春合隆餐厅餐厅,长春市,合隆经济开发区万隆广场旁,"Wi-Fi,店内参观"
北湖吾悦餐厅,长春市,市辖区北湖科技开发区远达大街9888号长春北湖吾悦广场1087号商铺,Wi-Fi
杉杉奥莱餐厅餐厅,乌鲁木齐市,高新区长春北路与东进场路交叉口杉杉奥莱一层肯德基餐厅,"Wi-Fi,点唱机"
北湖吾悦餐厅,长春市,市辖区北湖科技开发区远达大街9888号长春北湖吾悦广场1087号商铺,Wi-Fi
杉杉奥莱餐厅餐厅,乌鲁木齐市,高新区长春北路与东进场路交叉口杉杉奥莱一层肯德基餐厅,"Wi-Fi,点唱机"
正阳餐厅餐厅,长春市,皓月大路1888号长春绿园新城吾悦广场二楼,
长春合隆餐厅餐厅,长春市,合隆经济开发区万隆广场旁,"Wi-Fi,店内参观"
正阳餐厅餐厅,长春市,皓月大路1888号长春绿园新城吾悦广场二楼,
居然世界里餐厅,长春市,市辖区硅谷大街与超强街交会处长春居然之家生活mall地块第二栋一层,手机点餐
居然世界里餐厅,长春市,市辖区硅谷大街与超强街交会处长春居然之家生活mall地块第二栋一层,手机点餐
国文医院餐厅,长春市,芳草街长春国文医院项目一层,"精选店,手机点餐"
国文医院餐厅,长春市,芳草街长春国文医院项目一层,"精选店,手机点餐"
常州城际 餐厅,常州市,常州火车站北广场一楼,"Wi-Fi,点唱机"
常州高铁站餐厅,常州市,新北区常州北站czb-1号,店内参观
常州武宜路餐厅,常州市,湖塘吾悦广场一楼4号门,"24小时,Wi-Fi,店内参观,礼品卡"
常州金街餐厅,常州市,新北万达广场金街,"店内参观,礼品卡"
鸣新路餐厅,常州市,湖塘镇鸣新中路21号常州易买得购物中心,"24小时,Wi-Fi,店内参观,礼品卡"
常州恐龙园餐厅,常州市,河海东路60号迪诺水镇12号楼0519-85520195,"Wi-Fi,礼品卡"
常州横山桥餐厅,常州市,横山桥镇横山桥新利贸业广场8幢1层,"Wi-Fi,店内参观"
常州遥观大润发餐厅,常州市,遥观镇遥观镇中吴大道与今创路交叉口大润发1F,"Wi-Fi,店内参观"
常州宝龙城市广场肯德基餐厅,常州市,钟楼区青枫公园南侧宝龙城市广场一楼,"Wi-Fi,点唱机,店内参观"
常州湟里华辰餐厅,常州市,湟里镇金鼎路1号华辰超市一楼,"Wi-Fi,店内参观"
仙人山南区-往常州方向餐厅,镇江市,沪蓉高速公路（G42）江苏段仙人山服务区南区一层,Wi-Fi
常州吾悦国际餐厅餐厅,常州市,钟楼区吾悦广场101号,Wi-Fi
常州环球港餐厅,常州市,新北区江南环球港3号门通江中路598号  0519—88155160,"Wi-Fi,点唱机,店内参观"
奔牛机场餐厅,常州市,常州国际机场航站楼一楼编号D-03、D-04商铺,"Wi-Fi,点唱机"
奔牛机场餐厅,常州市,常州国际机场航站楼一楼编号D-03、D-04商铺,"Wi-Fi,点唱机"
常州百大餐厅,常州市,莱蒙都会A4-101（百货大楼一楼西南角）,"Wi-Fi,店内参观"
常州百大餐厅,常州市,莱蒙都会A4-101（百货大楼一楼西南角）,"Wi-Fi,店内参观"
常州文化宫餐厅,常州市,延陵西路4号负一层,"Wi-Fi,店内参观"
常州文化宫餐厅,常州市,延陵西路4号负一层,"Wi-Fi,店内参观"
常州春江发到家餐厅,常州市,春江街道赣江路298号发到家超市一层,手机点餐
常州春江发到家餐厅,常州市,春江街道赣江路298号发到家超市一层,手机点餐
沧州高铁站餐厅,沧州市,北京路西端头高铁站候车大厅二楼,"Wi-Fi,点唱机"
沧州肃宁餐厅餐厅,沧州市,华斯生活购物广场一层,"Wi-Fi,点唱机,店内参观"
沧州盐百餐厅餐厅,沧州市,九河路与千童大道交叉口盐百购物广场东北角1层（铺位号A01）,"Wi-Fi,店内参观"
沧州盐山餐厅餐厅,沧州市,凤凰路北侧建设大街西侧海泊路南侧盐百商厦1层铺位号001,"Wi-Fi,店内参观"
沧州御河餐厅餐厅,沧州市,御河路南侧、永安大道东侧泰合商业广场1层铺位号1035,Wi-Fi
沧州正信楼餐厅,沧州市,101号永济路南侧、长芦大道西侧石山新天地商住小区项目4#商业楼（正信楼商厦）一层,"Wi-Fi,点唱机"
沧州泊头信和餐厅,沧州市,泊头市裕华西路北侧，平安大街东侧信和商厦项目一层1号,Wi-Fi
沧州吾悦餐厅,沧州市,运河区永安大道西侧、海河路北侧新城吾悦广场1016号商铺,Wi-Fi
沧州任丘万达餐厅,沧州市,昆仑道东侧，北站路北侧万达广场1001号商铺,Wi-Fi
沧州黄骅信誉楼餐厅餐厅,沧州市,黄骅市昌骅大街东，新海路南信誉楼商厦新海路店一层308号,"Wi-Fi,点唱机"
沧州黄骅信誉楼餐厅餐厅,沧州市,黄骅市昌骅大街东，新海路南信誉楼商厦新海路店一层308号,"Wi-Fi,点唱机"
赤峰餐厅,上海市,虹口区中山北一路422号（广纪路65号对面）赤峰路轻轨站1楼,"Wi-Fi,点唱机,店内参观,礼品卡,溯源"
赤峰达达餐厅,赤峰市,宝山路与西拉沐伦大街交汇处,"Wi-Fi,点唱机,礼品卡"
万悦餐厅餐厅,赤峰市,赤峰万悦餐厅（万悦广场一层）,"Wi-Fi,店内参观"
赤峰龙腾餐厅餐厅,赤峰市,赤锡路锡伯河大街交口龙腾广场一层,"Wi-Fi,点唱机"
赤峰龙腾餐厅餐厅,赤峰市,赤锡路锡伯河大街交口龙腾广场一层,"Wi-Fi,点唱机"
赤峰松山万达餐厅,赤峰市,友谊大街与迎金路交口万达广场一层,"Wi-Fi,点唱机"
郴州飞虹餐厅,郴州市,桔井路37号一层,"Wi-Fi,点唱机,店内参观,礼品卡"
郴州八一路餐厅,郴州市,八一路生源时代广场一层肯德基餐厅,"24小时,Wi-Fi,点唱机,店内参观,礼品卡"
郴州同心路餐厅,郴州市,同心路友谊阿波罗负一楼,"Wi-Fi,点唱机,店内参观"
郴州安仁五一路餐厅,郴州市,五一路新天地广场一楼,"Wi-Fi,点唱机"
郴州西站出发层餐厅,郴州市,郴州西站高铁出发层1F02,"Wi-Fi,精选店"
龙泉路（加盟）餐厅,郴州市,郴州香雪路与龙泉路交汇处,"Wi-Fi,手机点餐"
龙泉路（加盟）餐厅,郴州市,郴州香雪路与龙泉路交汇处,"Wi-Fi,手机点餐"
